 ,No.,Deletion,Glucose (aerobe),Galactose,Glycerol,Ethanol
 ,1,YAL012W,0.9991506988662955,0.9991506989219605,0.9999219433948467,0.9989497444317146
 ,2,YDR384C,1.0000000000353242,0.9999999999760003,1.0000000000000175,0.9999999952165373
 ,3,YHR163W,1.000000000077018,1.0000000007402747,1.0000000000000124,1.0000000014173425
 ,4,YOR011W,1.000000000077018,1.0000000007402747,1.0000000000000124,1.0000000014173425
 ,5,YDR050C,0.24478490667652208,0.24478490671544595,0.41255421866247244,3.257990604050233e-10
 ,6,YMR323W,1.0000000000353113,1.0000000003594312,1.0000000019184891,1.000000001793432
 ,7,YLL062C,1.0000000000353113,1.0000000003594312,1.0000000019184891,1.000000001793432
 ,8,YHR067W,1.000000000035276,0.9999999994747861,0.9999999994161767,0.99999999877164
 ,9,YBR213W,1.000000000035276,0.9999999994747861,0.9999999994161767,0.99999999877164
 ,10,YDR481C,1.000000000035276,0.9999999994747861,1.0000000019184891,1.0000000017934283
 ,11,YER014W,1.000000000035276,0.9999999994747861,0.9999999849000429,1.0000000002105076
 ,12,YMR205C,0.24463490547937408,0.1860537808224697,0.9999999999999638,1.0000000015514672
 ,13,YIL094C,0.0,0.0,0.0,0.0
 ,14,YCR005C,1.000000000688075,1.000000000072052,0.9999999996745373,1.0000000013399808
 ,15,YPL040C,1.0000000046603863,0.9999999999873267,1.000000000036722,1.000000001194511
 ,16,YNL003C,1.0000000043380874,0.9999999955108404,0.9999999992926112,1.000000001483018
 ,17,YDR503C,1.0000000043380874,0.9999999955108404,0.9999999992926112,1.000000001483018
 ,18,YJL212C,1.0000000043380874,0.9999999955108404,0.9999999992926112,1.000000001483018
 ,19,YPL244C,1.0000000043380874,0.9999999955108404,0.9999999992926112,1.000000001483018
 ,20,YDL238C,1.0000000043380874,0.9999999955108404,0.9999999992926112,1.000000001483018
 ,21,YJR153W,1.0000000043380874,0.9999999955108404,0.9999999992926112,1.000000001483018
 ,22,YLR089C,1.0000000043380874,0.9999999955108404,0.9999999992926112,1.000000001483018
 ,23,YDR513W,1.0000000043380874,0.9999999955108404,0.9999999992926112,1.000000001483018
 ,24,YEL058W,1.0000000043380874,0.9999999955108404,0.9999999992926112,1.000000001483018
 ,25,YKL024C,0.0,0.0,0.0,0.0
 ,26,YLR395C,0.7571803805518518,0.7571803932902837,-5.0,-5.0
 ,27,YDR305C,1.0000000000352474,1.0000000111090948,1.0000000048700903,1.0000000014172736
 ,28,YLR348C,1.0000000000352465,0.9999999999942192,0.9999999999999801,1.0000000014172938
 ,29,YBR121C,1.0000000000663314,1.0000000002244098,0.9999999999999947,1.0000000014172667
 ,30,YEL042W,0.9999999995939861,0.9999999996104313,1.0000000000000147,1.0000000014172903
 ,31,YLR382C,0.9999999995939861,0.9999999996104313,1.0000000000000147,1.0000000014172903
 ,32,YKL188C,0.9999999995939861,0.9999999996104313,1.0000000000000147,1.0000000014172903
 ,33,YFL045C,0.0,0.0,0.0,0.0
 ,34,YMR015C,1.0000000025285856,0.9999999955104567,0.9999999718055811,1.0000000014172752
 ,35,YBL033C,1.7078451831810797e-09,0.0,0.0,0.0
 ,36,Q0085,0.822271219775498,0.8222712171381604,0.40194173818295714,-5.0
 ,37,YBR117C,1.0000000000353377,1.000000000214603,0.9999999999512199,1.0000000014172874
 ,38,YIL124W,0.9999999874840035,0.9999999998756157,0.9999999999999141,1.0000000014172763
 ,39,Q0080,0.8222712171054486,0.8222712166675787,0.4019417051907654,-5.0
 ,40,YGR194C,1.0000000000353628,0.9999999999682437,0.9999999999999499,1.0000000014172792
 ,41,YMR009W,0.9999999997298954,1.0000000000976375,0.999999999999916,1.000000000199437
 ,42,YPL274W,1.0000000077345075,1.0000000000930571,1.000000000000027,1.0000000014166752
 ,43,YAR073W,1.0000000000275056,0.9999999999942004,0.999999978475908,1.0000000009877426
 ,44,YJL219W,1.000000000035332,1.0000000000930571,1.000000000000027,1.000000001417287
 ,45,YEL051W,1.000000000035332,1.0000000000930571,1.000000000000027,1.000000001114717
 ,46,YDR046C,1.000000000035332,1.0000000000930571,1.000000000000027,1.000000001114717
 ,47,YKL203C,1.000000000035332,1.0000000000930571,1.000000000000027,1.000000001114717
 ,48,YOR202W,1.000000000035332,1.0000000000930571,1.000000000000027,1.000000001114717
 ,49,YGL245W,1.000000000035332,1.0000000000930571,1.000000000000027,1.000000001114717
 ,50,YER081W,1.000000000035332,1.0000000000930571,1.000000000000027,1.000000001114717
 ,51,YJL070C,1.000000000035332,1.0000000000930571,1.000000000000027,1.000000001114717
 ,52,YNL241C,1.000000000035332,1.0000000000930571,1.000000000000027,1.000000001114717
 ,53,YER070W,1.0000000000366456,1.0000000002882172,0.999999999999916,1.000000001114717
 ,54,YPL262W,0.9776206351558402,0.9776206391011616,1.0000000000138591,-6.341485528529879e-10
 ,55,YPL036W,0.9999999994899362,1.0000000002102076,1.0000000000000093,0.9999999978594094
 ,56,YKL029C,1.0000000000351987,0.9999999999941875,1.000000001951847,1.000000004452093
 ,57,YHR025W,0.0,0.0,0.0,0.0
 ,58,YHL036W,1.0000000001345217,0.9999999999941541,1.0000000002161409,1.0000000014172363
 ,59,YML056C,1.0000000001345217,0.9999999999941541,1.0000000002161409,1.0000000014172363
 ,60,YML059C,1.000000000035316,0.9999999999942081,0.999999989194126,1.0000000014172896
 ,61,YIL074C,1.000000000035316,0.9999999999942081,0.999999989194126,1.0000000014172896
 ,62,YKL104C,1.000000000035316,0.9999999999942081,0.999999989194126,1.0000000014172896
 ,63,YCL040W,1.0000000000353158,0.9999999999942081,0.999999989194126,1.0000000014172896
 ,64,YLR447C,1.0000000000353202,0.9999999999942081,0.999999989194126,1.0000000014172896
 ,65,YOL058W,0.0,0.0,0.0,0.0
 ,66,YAR035W,0.99999999969225,0.9999999999941469,1.0000000077133337,1.0000000073265916
 ,67,YCR012W,0.14076581541540498,0.14076581643825037,0.4612048264239868,0.0
 ,68,YOL156W,1.0000000000351525,1.000000001437655,1.00000000188421,1.0000000037387373
 ,69,Q0275,0.7571803805881642,0.757180380545258,-5.0,-5.0
 ,70,YPR074C,1.000000000219989,0.9999999999951283,1.0000000001914626,1.0000000012975967
 ,71,YPR128C,1.0000000036074728,0.9999999994136777,0.9999999999999964,1.0000000010081418
 ,72,YGR244C,0.9864981030833272,0.9864981018993098,0.9999999999999964,1.0000000010081418
 ,73,YDR354W,0.0,0.0,0.0,0.0
 ,74,YJR049C,0.9999999990400728,0.9999999990749927,0.9999999999999781,1.0000000014172716
 ,75,YGR020C,1.0000000001266662,1.0000000002159923,0.9999999999999936,1.0000000014176054
 ,76,YGR121C,1.0000000001266662,1.0000000002159923,0.9999999999999936,1.0000000014176054
 ,77,YHR042W,0.0,0.0,0.0,0.0
 ,78,YMR289W,1.0000000000352607,0.9999999999725876,0.999999999990709,1.0000000014172779
 ,79,YPR002W,1.0000000000353069,1.0000000007342142,0.999999999999993,1.0000000014172754
 ,80,YDR242W,1.0000000000353069,0.9999999937764655,1.000000001028673,1.0000000014172754
 ,81,YCR083W,1.0000000000353069,0.9999999937764655,0.9999999746926538,1.0000000014172754
 ,82,YKR067W,1.0000000000353069,0.9999999937764655,0.9999999746926538,1.0000000014172754
 ,83,YJL198W,1.0000000000353069,0.9999999937764655,0.9999999746926538,1.0000000014172754
 ,84,YNL267W,1.000000000035332,1.0000000000930571,1.000000000000027,1.0000000012282855
 ,85,YPL104W,1.0000000000353069,0.9999999937764655,0.9999999746926538,1.0000000014172754
 ,86,YAL054C,1.0000000000353069,0.9999999937764655,0.9999999746926538,0.9275671663558269
 ,87,YOR192C,1.0000000000353069,0.9999999937764655,0.9999999746926538,1.0000000013705042
 ,88,YER052C,0.0,0.0,0.0,0.0
 ,89,YDL185W,1.0000000077345075,0.9999999997783198,1.000000000000061,0.9999999983284596
 ,90,YMR202W,1.0000000000487794,0.9999999999942029,0.9999999999999991,1.0000000007678542
 ,91,YGL062W,1.0000000000487794,0.9999999999942029,0.9999999999999991,1.0000000007678542
 ,92,YER003C,0.0,0.0,0.0,0.0
 ,93,YBR252W,1.00000000012145,0.9999999997579884,0.9999999961406018,1.0000000014433135
 ,94,YDR173C,0.9999999941645158,1.0000000001090765,0.9999999974068516,1.0000000014173502
 ,95,YCL030C,0.9999999941645158,0.9999999943722121,0.9999999974068516,1.0000000014173502
 ,96,YDL021W,0.9999999941645158,1.0000000090596806,0.9999999974068516,1.0000000014173502
 ,97,YDR399W,0.9999999941645158,0.9999999999940711,0.9999999974068516,1.0000000014173502
 ,98,YLR043C,0.9999999941645158,0.9999999999940711,0.9999999974068516,1.0000000014173502
 ,99,YBR029C,0.0,0.0,0.0,0.0
 ,100,YGL037C,1.000000000116889,0.9999999999942082,1.0000000101993434,1.0000000016120743
 ,101,YPL268W,1.0000000000352745,0.9999999999919522,1.00000000089685,1.0000000014172556
 ,102,YOR120W,1.0000000000352518,1.0000000001187366,0.9837533322443335,1.0000000014157588
 ,103,YBR263W,1.0000000000353146,0.9999999999942036,0.9948097587008068,0.9921810492817992
 ,104,YBR035C,0.9999999971619667,0.99999999998449,0.9999999989237985,1.0000000015377277
 ,105,YOL086C,0.9999999991952817,0.9999999999942424,1.000000000252947,1.0000000062190135
 ,106,YMR113W,0.9999999991952817,0.9999999999942424,1.000000000252947,1.0000000062190135
 ,107,YLR300W,0.9999999991952817,0.9999999999942424,1.000000000252947,1.0000000062190135
 ,108,YMR084W,0.9999999991952817,0.9999999999942424,1.000000000252947,1.0000000062190135
 ,109,YDR019C,0.9999999991952817,0.9999999999941873,0.9948097587006706,0.9921810513951894
 ,110,YGR010W,1.0000000000353146,0.9999999999942036,1.0000000000021063,1.000000001417273
 ,111,YBR019C,0.9999999971619667,0.0,0.9999999994050749,1.0000000014172885
 ,112,YER119C,0.9999999971619667,1.000000000928023,1.0000000000489788,1.0000000014172885
 ,113,YDR380W,0.9999999971619667,0.9999999993865821,1.0000000017559965,1.0000000014172885
 ,114,YGR191W,0.9999999971619667,0.9999999993865821,1.0000000017559965,1.0000000014172885
 ,115,YAL060W,0.9999999971619667,0.9999999993865821,0.9999999983905471,1.0000000023628723
 ,116,YMR006C,0.9999999971619667,0.9999999993865821,0.9999999983905471,1.0000000119427248
 ,117,YJR130C,0.9999999971619667,0.9999999993865821,0.9999999983905471,1.0000000014172885
 ,118,YOR388C,1.0000000000353466,0.9999999999942015,0.9999999947422737,1.0000000014172705
 ,119,YHR063C,0.9999999999170035,1.0000000005900307,0.9999999999999936,1.0000000014172783
 ,120,YIL172C,0.9999999971619667,0.9999999999941762,1.0000000000000697,1.0000000014172734
 ,121,YLR011W,0.9999999971619667,0.99999999998449,0.9999999989237985,1.0000000015377277
 ,122,YJL134W,0.9999999999978189,1.0000000039712547,1.000000000000005,1.0000000014172934
 ,123,YKL146W,0.9999999971619667,0.99999999998449,0.9999999989237985,1.0000000015377277
 ,124,YBL068W,1.0000000033773948,0.9999999999942206,0.999999991503984,1.000000001417394
 ,125,YPR183W,0.0,0.0,0.0,0.0
 ,126,YHR104W,1.000000000034798,1.0000000000403864,0.9999999999035364,1.0000000014173087
 ,127,YDL004W,0.8222712171719114,0.8222712173507168,0.4019417106236485,-5.0
 ,128,YEL017C-A,1.0000000000353029,0.999999999994174,1.0000000000000013,1.0000000048446174
 ,129,YJL166W,0.7627134311217793,0.7627134310904005,-5.0,-5.0
 ,130,YJL200C,1.0000000000352895,0.9999999953969192,0.9999999997380532,1.0000000014172787
 ,131,YKL080W,1.0000000002759144,0.9999999999942909,1.0000000002326193,1.0000000014172807
 ,132,YDR403W,1.0000000002759144,0.9999999999942909,1.0000000002326193,1.0000000014172807
 ,133,YGR096W,1.0000000003689775,1.0000000005494196,0.9999999999999339,1.000000001417271
 ,134,YPL059W,1.0000000002759144,0.9999999999942909,1.0000000002326193,1.0000000014172807
 ,135,YLR377C,1.0000000002759144,0.9999999999942909,-4.23980098204045e-10,0.0
 ,136,YGL205W,1.0000000002759144,0.9999999999942909,1.0000000001283433,1.0000000014172494
 ,137,YIL125W,0.9864981019492565,0.9864981020180719,0.9999999999147781,1.0000000014172283
 ,138,YDL210W,1.0000000000352909,1.0000000066686972,1.0000000000276512,1.000000000830812
 ,139,YDR376W,1.000000000217375,1.000000000568524,1.0000000000000293,1.000000000830812
 ,140,YKR058W,1.0000000000135751,0.999999998611466,0.9999999848268418,1.000000001176111
 ,141,YKL194C,0.9999999999994006,1.0000000001551241,0.9999999999999537,1.0000000014173385
 ,142,YHR208W,1.0000000020736366,0.999999994713781,0.9999999999999537,1.0000000008472023
 ,143,YNR013C,1.0000000000352318,1.0000000015451618,0.9999999999999537,1.0000000008472023
 ,144,YPL148C,1.000000000035313,0.9999999993865821,0.9999999999999537,1.000000001417377
 ,145,YPL271W,0.8222712177260838,0.8222712159844406,0.4019417255919099,-5.0
 ,146,YLL061W,1.0000000001104143,0.999999999994221,0.9999999999999882,0.9999999994224239
 ,147,YAL062W,1.000000015857385,0.9999999995544211,1.0000000022144582,1.0000000014172732
 ,148,YLR237W,1.000000015857385,0.9999999995544211,1.0000000022144582,1.0000000014172732
 ,149,YDR531W,1.000000015857385,0.9999999995544211,1.0000000022144582,1.0000000014172732
 ,150,YIL013C,1.000000015857385,0.9999999995544211,1.0000000022144582,1.0000000014172732
 ,151,YFL055W,1.000000015857385,0.9999999995544211,1.0000000022144582,1.0000000014172732
 ,152,YOL136C,1.000000015857385,0.9999999995544211,1.0000000022144582,1.0000000014172732
 ,153,YOR221C,1.000000015857385,0.9999999995544211,1.0000000022144582,1.0000000014172732
 ,154,YOR071C,1.000000015857385,0.9999999995544211,1.0000000022144582,1.0000000014172732
 ,155,YPL214C,1.000000015857385,0.9999999995544211,1.0000000022144582,1.0000000014172732
 ,156,YBR293W,1.000000015857385,0.9999999995544211,1.0000000022144582,1.0000000014172732
 ,157,YGL084C,1.000000015857385,0.9999999995544211,1.0000000022144582,1.0000000014172732
 ,158,YPL092W,1.000000000035332,1.0000000000930571,1.000000000000027,1.000000001114717
 ,159,YGR019W,1.000000015857385,0.9999999995544211,1.0000000022144582,1.0000000014172732
 ,160,YGL191W,0.7571803819069551,0.7571803806650576,-5.0,-5.0
 ,161,YOL064C,1.0000000000198495,0.9999999902733836,1.0000000000003446,1.0000000014172796
 ,162,YDL142C,0.9999999989897217,0.9999999999080404,0.9999999931089515,1.0000000009136234
 ,163,YMR056C,1.00000000006258,0.9999999999941714,1.0000000000000056,1.0000000014424728
 ,164,YJR001W,0.9999999997573898,1.0000000053024212,1.0000000087936112,1.0000000002984661
 ,165,YHR123W,1.0000000000135751,1.0000000001579024,0.9999999848268418,1.000000001176111
 ,166,YDL174C,1.0000000000135751,0.9999999999873325,0.9999999848268418,1.000000001176111
 ,167,YER091C,1.0000000000135751,0.999999998611466,0.9999999848268418,1.000000001176111
 ,168,YGR256W,1.0000000000352975,0.999999999994058,1.0000000063021308,1.000000001417253
 ,169,YLR209C,1.0000000000135751,0.999999998611466,0.9999999848268418,1.000000001176111
 ,170,YDL103C,1.0000000000135751,0.999999998611466,0.9999999848268418,1.000000001176111
 ,171,YOR128C,6.368366441318609e-13,-2.778935862945353e-12,-1.364046207699548e-12,-1.6115028367561482e-08
 ,172,YDL171C,1.0000000000135751,0.999999998611466,0.9999999848268418,1.000000001176111
 ,173,YML082W,1.0000000000135751,0.999999998611466,0.9999999848268418,1.000000001176111
 ,174,YBR021W,0.0,0.0,5.7822877618102805e-09,0.0
 ,175,YLL057C,1.000000001244696,1.0000000000767522,1.0000000094227661,1.000000001517647
 ,176,YEL039C,1.0000000007564578,1.00000000062906,0.9999999999999999,1.0000000013400971
 ,177,YPL061W,0.9985828958682401,0.9985829075515451,0.9991653671819418,0.9521103844840159
 ,178,YBR296C,1.0000000000353044,1.0000000020964979,0.9999999999999798,1.0000000010839643
 ,179,YLR308W,1.0000000000353044,1.0000000020964979,0.9999999999999798,1.0000000010839643
 ,180,YDR454C,0.0,0.0,0.0,9.332229427609815e-08
 ,181,YNL277W,0.9999999971619667,0.9999999999942363,1.000000000002049,1.0000000014172885
 ,182,YER055C,0.9999999997581314,0.99999999936073,1.000000001695387,1.0000000014173027
 ,183,YHR011W,0.9999999997581314,0.99999999936073,1.000000001695387,1.0000000014173027
 ,184,YLL012W,0.9999999997581314,0.99999999936073,1.000000001695387,1.0000000014173027
 ,185,YLR438W,0.9994849956679678,0.9994849956445981,0.9995132014749287,0.999642362704897
 ,186,YJL052W,1.00000000006258,0.9999999999941714,1.0000000000000056,1.0000000014424728
 ,187,YJL088W,0.0,0.0,0.0,0.0
 ,188,YDR226W,-8.370447339099976e-10,-3.932723301495943e-13,0.0,1.0156686340696367e-08
 ,189,YJR105W,0.9997660402143256,0.9997660403176053,0.9997788712633361,0.9998375448359457
 ,190,YGL186C,1.0000000001529175,0.9999999999941898,0.9999999999999912,1.000000001417279
 ,191,YMR062C,0.0,0.0,0.0,0.0
 ,192,YDR234W,0.0,0.0,0.0,0.0
 ,193,YGR209C,1.0000000002359204,0.9999999996265214,0.9999999999973855,0.9999999978122792
 ,194,YLR305C,1.0000000002359204,0.9999999996265214,0.9999999999973855,0.9999999978122792
 ,195,YOL140W,0.0,0.0,0.0,0.0
 ,196,YIR029W,1.0000000043188173,1.0000000056439902,0.9999999979490627,1.0000000018603779
 ,197,YGR155W,0.9991506946081857,0.9991506887693247,0.999921956938234,0.9989497451709536
 ,198,YBR036C,1.0000000000353213,0.9999999994957477,1.0000000008422991,1.0000000006776149
 ,199,YMR300C,9.178822915129365e-10,1.9731765368124812e-08,5.527867100290628e-07,3.548192054604058e-10
 ,200,YGR032W,1.0000000007094427,1.0000000001776126,1.0000000012340575,1.0000000014172634
 ,201,YGR267C,0.0,0.0,-2.9659005201135174e-09,0.0
 ,202,YGR125W,1.0000000051511562,0.9999999999541939,0.9999999885458885,1.000000001417303
 ,203,YNL292W,1.0000000056850933,1.0000000000052152,0.9999999808272082,1.0000000012710961
 ,204,YLR342W,1.0000000056850933,1.0000000000052152,0.9999999808272082,1.0000000012710961
 ,205,YPR006C,0.9999999999241216,0.9999999993571644,1.0000000000000147,1.000000001417273
 ,206,YCR028C,0.9999999999241216,0.9999999993571644,1.0000000000000147,1.000000001417273
 ,207,YJL153C,0.0006282200734856875,0.0006282200734598657,0.0021269780647644883,0.006204238142135226
 ,208,YML054C,1.000000000046801,0.9999999999942137,1.0000000068632668,1.0000000014172479
 ,209,YAL023C,1.0000000000352958,0.9999999992573027,0.9999999999999366,1.000000001417245
 ,210,YDL181W,0.8222712169963571,0.8222712207664071,0.40194170940150414,-5.0
 ,211,YHR074W,1.0000000000353289,0.9999999999942045,0.9999999998088751,1.0000000014172694
 ,212,YFR030W,1.0000000000353058,0.999999999994355,0.9999999998861285,1.0000000014172776
 ,213,YBR256C,0.0,0.0,0.0,0.0
 ,214,YPR113W,0.0,0.0,0.0,0.0
 ,215,YOR236W,0.0,0.0,0.0,0.0
 ,216,YBR038W,0.9999999905125968,1.000000004619283,0.9999999999999737,1.0000000014172967
 ,217,YBR244W,0.9999999905125968,1.000000004619283,0.9999999999999737,1.0000000014172967
 ,218,YPL053C,0.9999999905125968,1.000000004619283,0.9999999999999737,1.0000000014172967
 ,219,YMR246W,0.9999999905125968,1.000000004619283,0.9999999999999737,1.0000000014172967
 ,220,YPR020W,0.9999999905125968,1.000000004619283,0.9999999999999737,1.0000000014172967
 ,221,YKL085W,1.0000000060170986,0.9999999981294714,1.0000000000169171,1.0000000014172967
 ,222,YLR027C,0.9996456122209864,0.9996456120563191,0.9922681901736581,0.9966227827992329
 ,223,YBR284W,0.9999999999672545,1.0000000000837732,0.9999999891524445,1.0000000012393249
 ,224,YEL047C,1.0000000000439975,1.0000000001776126,1.0000000003980598,1.0000000014172634
 ,225,YLR351C,1.0000000000439975,1.0000000001776126,1.0000000012340575,1.0000000014172634
 ,226,YBL064C,1.0000000007094427,1.0000000001776126,1.0000000012340575,1.0000000014172634
 ,227,YPR036W,1.0000000007094427,1.0000000001776126,1.0000000012340575,1.0000000014172634
 ,228,YNL130C,1.0000000000353197,1.0000000008620236,1.0000000038603036,1.0000000035561631
 ,229,YHR018C,0.0,0.0,0.0,0.0
 ,230,YDR408C,-5.0,0.0,-1.7042171021908136e-12,0.0
 ,231,YLR157C,1.0000000007961571,0.9999999998373166,0.9999999999999958,1.0000000008232857
 ,232,YHR002W,0.9990510790657324,0.9990510718676389,0.9991030841479742,0.999770661411807
 ,233,YBR126C,0.0,0.0,0.0,0.0
 ,234,YLL041C,0.981413210094661,0.9814132100083878,1.0000000011072407,0.0
 ,235,YDL055C,0.0,0.0,0.0,0.0
 ,236,YGL202W,1.0000000001041511,1.0000000000212201,0.9999999998846376,1.000000001417357
 ,237,YNL141W,1.000000000311703,0.9999999963018853,0.9999999999999135,1.0000000013443315
 ,238,YMR318C,1.0000000005865082,1.000000000022886,1.0000000005037508,1.000000001417286
 ,239,YCL018W,1.0000000051511562,0.9999999999541939,0.9999999885458885,1.000000001417303
 ,240,YBR294W,1.0000000051511562,0.9999999999541939,0.9999999885458885,1.000000001417303
 ,241,YDL067C,0.7571803755598163,0.7571803805745649,-5.0,-5.0
 ,242,YJL130C,1.000000001927834,0.9999999999942489,1.0000000020150939,1.0000000014172785
 ,243,YKL060C,0.24463490368780294,0.18605378079706664,0.0,0.0
 ,244,YOL020W,1.0000000001066778,0.9999999960800572,1.0000000000000029,1.0000000027390419
 ,245,YDR135C,1.0000000000511744,0.9999999999942081,0.9999999999999897,1.0000000013401422
 ,246,YFL011W,1.0000000000511744,0.9999999999942081,0.9999999999999897,1.0000000013401422
 ,247,YEL021W,1.0000000000511744,0.9999999999942081,0.9999999999999897,1.0000000013401422
 ,248,YBL030C,1.0000000000511744,0.9999999999942081,0.9999999999999897,1.0000000013401422
 ,249,YMR256C,0.757180379353353,0.7571803754739062,-5.0,-5.0
 ,250,YJR159W,1.000000000050342,0.9999999999942363,1.0000000000000506,0.9999999623660955
 ,251,YNL270C,1.0000000056850933,1.0000000002918799,0.9999999999999369,1.0000000014172803
 ,252,YJL071W,1.0000000056850933,1.0000000002918799,0.9999999999999369,1.0000000014172803
 ,253,YKL182W,0.0,0.0,0.0,0.0
 ,254,YOR303W,1.000000000035282,1.0000000032627074,1.000000000049762,1.0000000014201533
 ,255,YPL275W,1.000000000035282,1.0000000032627074,1.000000000049762,1.0000000014201533
 ,256,YFR025C,1.0000000000887497,0.9999999996814449,0.9999999999999551,0.9999999997683677
 ,257,YMR013C,1.0000000016246615,0.9999999898200124,1.0000000004612055,1.0000000012186083
 ,258,YDR322C-A,1.0000000016246615,0.9999999898200124,1.0000000004612055,1.0000000012186083
 ,259,YER073W,1.0000000016246615,0.9999999898200124,1.0000000004612055,1.0000000012186083
 ,260,YLR260W,1.0000000016246615,0.9999999898200124,1.0000000004612055,1.0000000012186083
 ,261,YPL117C,0.0,0.0,0.0,0.0
 ,262,YGR007W,1.0000000000170455,0.9999999999942012,0.9999999999999276,1.0000000013958852
 ,263,YKL152C,1.0000000014539343,0.9999999999942004,0.999999978475908,1.0000000020511775
 ,264,YLR450W,1.0000000014539343,0.9999999999942004,0.999999978475908,1.0000000009877426
 ,265,YJR019C,1.0000000014539343,0.9999999999942004,0.999999978475908,1.0000000009877426
 ,266,YBL098W,1.0000000014539343,0.9999999999942004,0.999999978475908,1.0000000009877426
 ,267,YDL095W,1.0000000014539343,0.9999999999942004,0.999999978475908,1.0000000009877426
 ,268,YOR270C,1.0000000014539343,0.9999999999942004,0.999999978475908,1.0000000009877426
 ,269,YGL224C,1.0000000014539343,0.9999999999942004,0.999999978475908,1.0000000009877426
 ,270,YNL268W,1.0000000014539343,0.9999999999942004,0.999999978475908,1.0000000009877426
 ,271,YHR020W,1.0000000014539343,0.9999999999942004,0.999999978475908,1.0000000009877426
 ,272,YKR039W,1.0000000014539343,0.9999999999942004,0.999999978475908,1.0000000009877426
 ,273,YPL087W,1.0000000014539343,0.9999999999942004,0.999999978475908,1.0000000009877426
 ,274,YDL178W,1.0000000014539343,0.9999999999942004,0.999999978475908,1.0000000009877426
 ,275,YLL043W,1.0000000000275056,0.9999999999942004,0.9999999999999276,1.0000000009877426
 ,276,YPL258C,1.000000000035332,1.0000000000930571,1.000000000000027,1.000000001417287
 ,277,YNR056C,1.0000000014539343,0.9999999999942004,0.999999978475908,1.0000000009877426
 ,278,YML086C,1.0000000014539343,0.9999999999942004,0.999999978475908,1.0000000009877426
 ,279,YPL097W,1.0000000014539343,0.9999999999942004,0.999999978475908,1.0000000009877426
 ,280,YDR268W,1.0000000014539343,0.9999999999942004,0.999999978475908,1.0000000009877426
 ,281,YJL216C,1.00000000005099,0.999999998611357,0.9999999953539069,1.0000000019360664
 ,282,YJL221C,1.0000000000769693,0.9999999987499156,1.0000000000001652,1.0000000014172736
 ,283,YER141W,1.0000000014539343,0.9999999999942004,0.999999978475908,1.0000000009877426
 ,284,YDR204W,1.0000000014539343,0.9999999999942004,0.999999978475908,1.0000000009877426
 ,285,YNL220W,-1.3759103989286228e-09,8.170331356002458e-07,-2.8038754378218267e-12,0.0
 ,286,YMR293C,1.0000000002029104,1.0000000001618072,1.0000000002348637,1.0000000014172388
 ,287,YDR343C,1.0000000002029104,1.0000000001618072,1.0000000002348637,1.0000000014172388
 ,288,YGR060W,0.0,0.0,0.0,0.0
 ,289,YAL038W,0.9999999899729177,0.9999999981294714,1.0000000045732118,1.0000000012469163
 ,290,YCL064C,0.9999999899729177,0.9999999981294714,1.0000000045732118,1.0000000012469163
 ,291,YER174C,0.9999999899729177,0.9999999981294714,1.0000000045732118,1.0000000012469163
 ,292,YGL119W,1.0000000000353009,0.9999999997126356,0.9999999960530356,1.0000000015068007
 ,293,YML126C,0.0,0.0,0.0,0.0
 ,294,YHR044C,1.0000000001204823,1.0000000024874824,1.0000000004197647,1.0000000014172732
 ,295,YFR019W,1.0000000000352731,0.9999999999941556,0.9999999846418367,1.0000000014172796
 ,296,YNR019W,1.0000000000352731,0.9999999999941556,0.9999999846418367,1.0000000014172796
 ,297,YJR152W,1.0000000000352731,0.9999999999941556,0.9999999846418367,1.0000000014172796
 ,298,YBR199W,1.0000000000352731,0.9999999999941556,0.9999999846418367,1.0000000014172796
 ,299,YJR109C,1.0000000000352731,0.9999999999941556,0.9999999846418367,1.0000000014172796
 ,300,YCR048W,1.0000000000352731,0.9999999999941556,0.9999999846418367,1.0000000014172796
 ,301,YDL182W,1.0000000000352731,0.9999999999941556,0.9999999846418367,1.0000000014172796
 ,302,YER069W,0.0,0.0,0.0,0.0
 ,303,YJR148W,0.0,0.0,0.0,0.0
 ,304,YIL111W,1.0000000000224045,0.9999999967631952,0.9999999975934255,1.0000000014172556
 ,305,YOL097C,1.0000000000352993,0.9999999999941689,1.0000000044823711,1.0000000014172896
 ,306,YBR153W,0.0,0.0,0.0,0.0
 ,307,YLR354C,1.0000000056850933,1.0000000000052152,0.9999999808272082,1.0000000012710961
 ,308,YKR069W,0.9999999980710413,0.9999999999942214,0.9999999999283341,1.0000000014172608
 ,309,YJR158W,0.9999999980710413,0.9999999999942214,0.9999999999283341,1.0000000014172608
 ,310,YPR033C,0.9999999980710413,0.9999999999942214,0.9999999999283341,1.0000000014172608
 ,311,YMR085W,0.9999999980710413,0.9999999999942214,0.9999999999283341,1.0000000014172608
 ,312,YGL154C,0.0,0.0,0.0,0.0
 ,313,YPR062W,1.0000000000354752,0.9999999996670352,0.9999999999900918,0.9999999999000466
 ,314,YHR039C-A,1.0000000070513695,0.9999999999941916,0.9999999999995903,1.0000000016923145
 ,315,YNL202W,1.0000000002018583,0.9999999959401662,0.999999998318807,1.0000000014172714
 ,316,YER023W,0.0,0.0,0.0,0.0
 ,317,YBR026C,1.0000000000353104,0.999999998771734,1.0000000000002705,1.0000000017688846
 ,318,YCR034W,0.0,0.0,0.0,0.0
 ,319,YER060W,1.0000000000353095,0.9999999999941692,0.9999999999606571,1.0000000012022843
 ,320,YBR069C,1.0000000000352622,0.9999999999942744,1.0000000000000058,1.000000001710688
 ,321,YGR177C,1.0000000000352622,0.9999999999942744,1.0000000000000058,1.000000001710688
 ,322,YJR133W,1.0000000000353466,0.9999999999942015,0.9999999947422737,1.0000000014172705
 ,323,YBR176W,1.0000000043380874,0.9999999955108404,0.9999999992926112,1.000000001483018
 ,324,YGL040C,1.0000000050019553,0.9999999999942378,0.999999994088183,1.0000000020154
 ,325,YLR133W,1.0000000000353466,0.9999999999942015,0.9999999947422737,1.0000000014172705
 ,326,YDL215C,1.0000000000501257,0.9999999999942015,0.9999999947422737,1.0000000014172705
 ,327,YML004C,1.0000000000353015,0.9999999999942015,0.9999999947422737,1.0000000014172705
 ,328,YPL057C,1.0000000000353135,0.9999999999942015,0.9999999947422737,1.0000000014172705
 ,329,YDR058C,1.0000000000353135,0.9999999999942015,0.9999999947422737,1.0000000014172705
 ,330,YDR315C,1.0000000000353775,0.9999999999942015,0.9999999947422737,1.0000000014172705
 ,331,YGR255C,1.0000000000353775,0.9999999999942015,0.9999999947422737,1.0000000014172705
 ,332,YBR161W,0.9999999997581314,0.99999999936073,1.000000001695387,1.0000000014173027
 ,333,YNL169C,0.9995731372817449,0.9995731372407354,0.9995965432090308,0.9997035822309013
 ,334,YCL069W,0.9999999994899362,1.0000000002102076,1.0000000000000093,0.9999999978594094
 ,335,YNL104C,1.0000000000353038,0.9999999999942043,0.9999999968646068,1.0000000022147646
 ,336,YML081C-A,0.8222712172489605,0.8222712337460305,0.40194170531386214,-5.0
 ,337,YDL045C,1.000000000035331,0.9999999999941982,1.0000000002018823,1.0000000015922554
 ,338,YLR180W,0.9999999969656073,0.9999999999942182,0.9999999989683308,1.0000000014172241
 ,339,YOR245C,0.9999999969656073,0.9999999999942182,0.9999999989683308,1.0000000014172241
 ,340,YGR282C,0.9999999969656073,0.9999999999942212,0.9999999989683308,1.0000000014172241
 ,341,YDL198C,0.9999999969656073,0.9999999999942212,0.9999999989683308,1.0000000014172241
 ,342,YOR180C,0.9999999969656073,0.9999999999942212,0.9999999989683308,1.0000000014172241
 ,343,YNR043W,0.0,0.0,0.0,0.0
 ,344,YOR360C,0.9999999940717461,0.9999999995029066,0.9999999986295744,1.0000000014114923
 ,345,YOR335C,1.0000000006287069,1.000000000340432,0.9999999966086534,1.0000000014172827
 ,346,UNKNOWN,1.000000000590523,1.0000000000176785,0.9999999999999917,1.0000000014313342
 ,347,YGR204W,-1.0631280633162679e-09,9.945013702464146e-13,0.0,-5.0
 ,348,YJL005W,1.0000000000353653,0.9999999998222063,0.9999999998306964,1.0000000014172028
 ,349,YOL065C,1.0000000000353433,1.0000000001546525,1.0000000148142039,1.000000001417274
 ,350,YPL028W,0.0,0.0,0.0,0.0
 ,351,YFL001W,1.0000000000353166,0.9999999999942674,1.00000000000006,1.0000000013369312
 ,352,YKL217W,1.0000000000353166,0.9999999999941971,0.9999999999999136,1.0000000005736611
 ,353,YJR016C,0.0,0.0,0.0,0.0
 ,354,YDL100C,1.000000000035318,0.9999999999930362,1.0000000001017635,1.0000000043475872
 ,355,YOR095C,1.6639585015482303e-09,9.76823283133605e-10,2.4285608599603176e-08,4.461410614580533e-10
 ,356,YEL038W,1.000000000133298,0.999999999994209,1.0000000004647147,1.0000000013157395
 ,357,YGR185C,1.000000000628702,0.9999999996627639,1.000000000437565,1.0000000025509135
 ,358,YOR377W,1.000000000628702,0.9999999999728567,0.9999999851848699,1.0000000028011846
 ,359,YPL265W,1.000000000628702,0.9999999999728567,0.9999999851848699,1.0000000028011846
 ,360,YML008C,1.000000000628702,0.9999999999728567,0.9999999851848699,1.0000000028011846
 ,361,YDR441C,1.000000000628702,0.9999999999728567,0.9999999851848699,1.0000000028011846
 ,362,YMR296C,1.000000000628702,0.9999999999728567,0.9999999851848699,1.0000000028011846
 ,363,YPL023C,1.000000000628702,0.9999999999728567,0.9999999851848699,1.0000000028011846
 ,364,YER090W,0.0,0.0,0.0,0.0
 ,365,YGR199W,0.9999999991952817,0.9999999999941925,0.9999999907963989,1.0000000014173012
 ,366,YPL212C,0.9999999991952817,0.9999999999941925,0.9999999907963989,1.0000000014173012
 ,367,YMR145C,0.9999999991952817,0.9999999999941925,0.9999999907963989,1.0000000014173012
 ,368,YNL280C,0.0,0.0,0.0,0.0
 ,369,YDR007W,0.0,0.0,0.0,0.0
 ,370,YIL160C,1.000000011833336,1.0000000053024212,1.0000000001611014,0.9999999859792053
 ,371,YNR072W,1.0000000000353202,0.9999999999941903,1.0000000000000449,0.9999999185131775
 ,372,YML022W,1.0000000000353202,0.9999999999941903,1.0000000000000449,0.9999999185131775
 ,373,YDR062W,1.000000000035318,0.999999985083012,1.0000000000000184,0.999999947579528
 ,374,YPR159W,1.000000000035318,0.999999985083012,1.0000000000000184,0.999999947579528
 ,375,YDR017C,1.000000000035318,0.999999985083012,1.0000000000000184,0.999999947579528
 ,376,YMR303C,1.000000000035318,0.999999999994185,1.000000000000033,1.000000002503211
 ,377,YML123C,1.000000000035318,0.9999999999942258,1.0000000000000184,0.9999999836610725
 ,378,YPR167C,1.0000000000353135,0.9999999999764494,1.0000000011815202,1.000000001754152
 ,379,YER087W,1.0000000014539343,0.9999999999942004,0.999999978475908,1.0000000009877426
 ,380,YHR190W,0.0,0.0,0.0,0.0
 ,381,YHL011C,1.000000000107331,1.0000000000000644,1.0000000000000098,1.0000000021968904
 ,382,YMR313C,1.000000000175766,0.9999999999940424,0.9999999999999339,1.0000000014172832
 ,383,YGR143W,1.000000000303625,0.999999999630387,0.9999999999283209,1.0000000014172774
 ,384,YHR007C,0.0,0.0,0.0,0.0
 ,385,YBR205W,1.0000000000352625,0.9999999998373166,0.9999999992279992,1.0000000055187357
 ,386,YOR163W,1.0000000000353477,0.9999999994244201,0.9999999999941686,0.999999996470162
 ,387,YOR321W,1.0000000000353477,0.9999999994244201,0.9999999999941686,0.999999996470162
 ,388,YBR003W,1.0000000000353477,0.9999999994244201,0.9999999999941686,0.999999996470162
 ,389,YDL085W,1.0000000000353477,0.9999999994244201,0.9999999999941686,0.999999996470162
 ,390,YBR183W,1.0000000000353477,0.9999999994244201,0.9999999999941686,0.999999996470162
 ,391,YGL256W,1.0000000000353477,0.9999999994244201,0.9999999999941686,0.999999996470162
 ,392,YGR260W,1.0000000000353477,0.9999999994244201,0.9999999999941686,0.999999996470162
 ,393,YER099C,1.0000000000353477,0.9999999994244201,0.9999999999941686,0.999999996470162
 ,394,YBL013W,1.0000000000353477,0.9999999994244201,0.9999999999941686,0.999999996470162
 ,395,YJR048W,1.0000000000353477,0.9999999994244201,0.9999999999941686,0.999999996470162
 ,396,YNL256W,0.0,0.0,0.0,0.0
 ,397,YLR174W,-1.0247071099086476e-09,1.8755823758971545e-09,0.0,0.0
 ,398,YLL028W,0.9999999997049678,0.9999999999941965,1.0000000000000613,1.0000000014172776
 ,399,YBR218C,1.0000000000353069,0.9999999937764655,0.9999999746926538,1.0000000014172754
 ,400,YHR001W-A,0.7627134313882636,0.7627134332412701,-5.0,-5.0
 ,401,YMR207C,1.0000000002029104,0.9999999999942345,0.9999999486764302,1.000000001417228
 ,402,YGR286C,1.0000000001713638,0.9999999999942276,1.0000000000166804,1.0000000002231497
 ,403,YCR037C,1.0000000002687837,1.0000000000783027,1.0000000001241829,1.000000001417122
 ,404,YIR031C,1.0000000002687837,1.0000000000783027,1.0000000001241829,1.000000001417122
 ,405,YLR359W,-5.0,-5.0,-5.0,0.0
 ,406,YDL205C,1.0000000000416838,0.9999999999942574,1.000000000000002,1.0000000014172945
 ,407,YMR217W,0.0,0.0,0.0,0.0
 ,408,YER170W,1.0000000000353035,1.00000000365032,1.0000000053428502,0.9275671497552261
 ,409,YBR039W,0.8222712171719475,0.8222712171311654,0.4019417053137205,-5.0
 ,410,YER024W,1.0000000000353122,0.9999999960800572,0.9999999838673949,1.0000000014172932
 ,411,YKL004W,0.9999999994613116,0.9999999999845031,0.99999995519823,1.000000001530083
 ,412,YOR136W,1.0000000000352727,1.0000000005900256,1.0000000023133695,1.0000000014172723
 ,413,YNL142W,0.9999999994613116,0.9999999999845031,0.99999995519823,1.000000001530083
 ,414,YPL234C,0.9999999994613116,0.9999999999845031,0.99999995519823,1.000000001530083
 ,415,YOR209C,0.9999999994613116,0.9999999999845031,0.99999995519823,1.000000001530083
 ,416,YGL026C,0.0,0.0,0.0,0.0
 ,417,YHR094C,0.9999999994613116,0.9999999999845031,0.99999995519823,1.000000001530083
 ,418,Q0045,0.7571803805764318,0.7571803805452559,-5.0,-5.0
 ,419,YGR138C,0.9999999998428736,0.999999977338574,0.9999999953779796,1.0000000011027135
 ,420,YLR258W,0.9999999998428736,0.999999977338574,0.9999999953779796,1.0000000011027135
 ,421,YGL125W,0.9999999998428736,0.999999977338574,0.9999999953779796,1.0000000011027135
 ,422,YNL101W,0.9999999998428736,0.999999977338574,0.9999999953779796,1.0000000011027135
 ,423,YBR127C,0.9999999998428736,0.999999977338574,0.9999999953779796,1.0000000011027135
 ,424,YLR164W,0.9999999998428736,0.999999977338574,0.9999999953779796,1.0000000011027135
 ,425,YNL318C,0.9999999999184189,1.000000002875095,1.000000008117858,1.0000000014173223
 ,426,YJL137C,0.9999999999184189,1.000000002875095,1.000000008117858,1.0000000014173223
 ,427,YGL009C,0.9999999999888939,0.999999977338574,1.0000000015892203,1.0000000014173056
 ,428,YLR028C,0.9999999999888939,0.999999977338574,1.0000000015892203,1.0000000014173056
 ,429,YDR497C,0.9999999999888939,0.999999977338574,1.0000000015892203,1.0000000014173056
 ,430,YBR115C,0.0,0.0,0.0,0.0
 ,431,YKL055C,0.9999999993766916,1.0000000056439902,0.9999999999999984,1.0000000014172659
 ,432,YGR192C,1.0000000000353513,1.0000000000404523,1.0000000005012004,1.0000000014172639
 ,433,YFL053W,1.0000000000353513,1.0000000000404523,1.0000000005012004,1.0000000014172639
 ,434,YDR368W,1.0000000000353513,1.0000000000404523,1.0000000005012004,1.0000000014172639
 ,435,YBL045C,0.7627134311217793,0.7627134310904423,-5.0,-5.0
 ,436,YGR043C,1.000000000035308,0.9999999997741946,0.9999999997352339,1.0000000138282668
 ,437,YPR184W,1.0000000000353264,0.999999999994199,1.0000000005166734,1.000000001417277
 ,438,YAR071W,1.0000000000353264,0.999999999994199,1.0000000005166734,1.000000001417277
 ,439,YLR060W,1.0000000000353264,0.999999999994199,1.0000000005166734,1.000000001417277
 ,440,YOR184W,0.9986057378087427,0.9986057372318123,1.0000000005166734,1.000000001417277
 ,441,YJL167W,0.0,-3.4156903662217633e-10,0.0,0.0
 ,442,Q0130,0.8222712262653097,0.8222712164083962,0.40194170632438075,-5.0
 ,443,YBR149W,1.000000000189723,0.9999999999941651,0.9999999999999422,1.0000000014130925
 ,444,YKL035W,0.9999999999978189,0.9999999999942062,1.0000000125922337,1.000000001603767
 ,445,YPR140W,0.9999999999978189,0.9999999999941925,1.000000000000005,1.0000000014172934
 ,446,YPR047W,0.9999999991057651,0.9999999998710978,1.000000000000005,1.0000000014172934
 ,447,YOR241W,0.9999999991057651,1.0000000012883061,1.000000000000005,1.0000000014172934
 ,448,YDR044W,0.9999999991057651,1.0000000012883061,1.000000000000005,1.0000000014172934
 ,449,YLR056W,0.9999999991057651,1.0000000012883061,1.000000000000005,1.0000000014172934
 ,450,YKR080W,0.9999999991057651,0.9999999993182482,1.000000000000005,1.0000000014172934
 ,451,YKL181W,0.9999999991057651,0.9999999999660003,1.000000000000005,1.0000000014172934
 ,452,YGL225W,0.9999999991057651,0.9999999986745981,1.000000000000005,1.0000000014172934
 ,453,YHR037W,0.9999999999978189,0.9999999999660003,1.0000000125922337,1.000000001603767
 ,454,YIR037W,0.9999999991057651,1.0000000039712547,1.000000000000005,1.0000000014172934
 ,455,YCR010C,1.0000000000223939,0.9999999999660003,1.0000000125922337,1.000000001603767
 ,456,YGL012W,0.0,0.0,0.0,0.0
 ,457,YJL101C,1.0000000004962577,1.0000000000290856,1.0000000003704812,1.0000000025032152
 ,458,YLR432W,1.0000000040802959,0.9999999999942268,1.0000000001716491,1.0000000014173058
 ,459,YMR220W,0.0,0.0,0.0,0.0
 ,460,YDR353W,0.9999999961211604,0.9999999999589796,1.0000000000000697,0.9999999995569677
 ,461,YIR027C,1.0000000006287086,0.9999999999844875,1.000000036366443,1.0000000014172759
 ,462,YDL080C,1.0000000006287086,0.9999999999844875,1.000000036366443,1.0000000014172759
 ,463,YOR273C,1.0000000006287086,0.9999999999844875,1.000000036366443,1.0000000014172759
 ,464,YJR073C,0.0,0.0,0.0,0.0
 ,465,YNR057C,1.000000000020738,0.9999999998308308,0.9999999996700566,1.0000000014172696
 ,466,YGL067W,1.000000000020738,0.9999999998308308,0.9999999995688604,1.0000000014172725
 ,467,YDR074W,0.0,0.0,0.0,0.0
 ,468,YGL077C,0.9999999999947481,1.0000000001602547,0.9999999999998983,1.000000001695943
 ,469,YOR332W,1.0000000000352354,0.9999999999486788,0.9999999994894248,0.999999930595478
 ,470,YBL099W,0.822271217171952,0.8222712183754239,0.40194173555826107,-5.0
 ,471,YGR208W,0.9986057427696603,0.9986057377849009,1.000000000061288,1.0000000014173078
 ,472,Q0250,0.7571803805764111,0.7571803803475636,-5.0,-5.0
 ,473,YDR536W,1.0000000077345075,0.9999999998021625,0.9999999999999709,1.0000000014172488
 ,474,YCR075C,1.0000000000353044,0.9999999993865821,1.0000000000000542,1.0000000012416717
 ,475,YNL316C,0.0,0.0,0.0,0.0
 ,476,YFR055W,1.0000000095056114,1.0000000009867476,1.0000000000000637,1.0000000014172878
 ,477,YGR248W,1.000000000175766,1.0000000005494196,0.9999999999999825,1.0000000014172745
 ,478,YIL164C,1.000000000175766,1.0000000005494196,0.9999999999999825,1.0000000014172745
 ,479,YMR267W,1.000000000175766,0.9999999999940424,0.9999999999999339,0.927567166355825
 ,480,YIL116W,1.000000000175766,0.9999999999940424,0.9999999999999339,1.0000000014172767
 ,481,YLR109W,1.000000000175766,0.9999999999940424,0.9999999999999339,1.0000000014172832
 ,482,YOR190W,1.000000000175766,0.9999999999940424,0.9999999999999339,1.0000000014172832
 ,483,YKR009C,1.000000000175766,0.9999999999940424,0.9999999999999339,1.0000000014172832
 ,484,YGR094W,1.000000000175766,0.9999999999940424,0.9999999999999339,1.0000000014172832
 ,485,YDR402C,1.000000000175766,0.9999999999940424,0.9999999999999339,1.0000000014172832
 ,486,YDR178W,1.000000000175766,0.9999999999940424,0.9999999999999339,1.0000000014172832
 ,487,YJR103W,1.000000000175766,0.9999999999940424,0.9999999999999339,1.0000000014172832
 ,488,YBR265W,1.000000000175766,0.9999999999940424,0.9999999999999339,1.0000000014172832
 ,489,YML070W,1.000000000175766,0.9999999999940424,0.9999999999999339,1.0000000014172832
 ,490,YDR232W,1.000000000175766,0.9999999999940424,0.9999999999999339,1.0000000014172832
 ,491,YOL077W-A,1.000000015857385,0.9999999995544211,1.0000000022144582,1.0000000014172732
 ,492,YGR124W,1.000000000175766,0.9999999999940424,0.9999999999999339,1.0000000014172832
 ,493,YLR343W,1.000000000175766,0.9999999999940424,0.9999999999999339,1.0000000014172832
 ,494,YMR307W,1.000000000175766,0.9999999999940424,0.9999999999999339,1.0000000014172832
 ,495,YBR020W,0.9999999995347111,0.0,0.9999999999999339,1.0000000014174286
 ,496,YGR264C,1.000000000175766,0.9999999999940424,0.9999999999999339,1.0000000014172832
 ,497,YOR222W,1.000000000175766,0.9999999999940424,0.9999999999999339,1.0000000014172832
 ,498,YHR137W,1.000000000175766,0.9999999999940424,0.9999999999999339,1.0000000014172832
 ,499,YOR348C,1.000000000175766,0.9999999999940424,0.9999999999999339,1.0000000014172832
 ,500,YGL248W,1.000000000175766,0.9999999999940424,0.9999999999999339,1.0000000014172832
 ,501,YGR292W,1.000000000175766,0.9999999999940424,0.9999999999999339,1.0000000014172832
 ,502,YGL055W,1.0000000095056114,1.0000000005494196,0.9999999999999825,1.0000000014172767
 ,503,YDL245C,1.000000001365748,0.9999999999844639,1.0000000000000147,1.0000000008389238
 ,504,YJR025C,0.99999999555952,0.9999999999940424,0.9999999999999339,1.0000000014172876
 ,505,YBR092C,0.99999999555952,0.9999999999940424,0.9999999999999339,1.0000000014172876
 ,506,YOR393W,0.99999999555952,0.9999999999940424,0.9999999999999339,1.0000000014172876
 ,507,YBR145W,0.99999999555952,0.9999999999940424,0.9999999999999339,1.0000000014172876
 ,508,YBR068C,0.99999999555952,0.9999999999940424,0.9999999999999339,1.0000000014172876
 ,509,YNR034W,0.99999999555952,0.9999999999940424,0.9999999999999339,1.0000000014172876
 ,510,YLR189C,0.99999999555952,0.9999999999940424,0.9999999999999339,1.0000000014172876
 ,511,YOL061W,0.99999999555952,0.9999999999940424,0.9999999999999339,1.0000000014172876
 ,512,YLR195C,0.99999999555952,0.9999999999940424,0.9999999999999339,1.0000000014172876
 ,513,YMR250W,0.99999999555952,0.9999999999940424,0.9999999999999339,1.0000000014172876
 ,514,YDR483W,0.99999999555952,0.9999999999940424,0.9999999999999339,1.0000000014172876
 ,515,YFL030W,0.9967787907796811,0.9967787872121393,0.9999999999999339,0.9857093206015437
 ,516,YGR254W,1.0000000000817177,0.9999999999181748,0.9999999999999339,1.000000001597969
 ,517,YER061C,1.0000000000026479,1.0000000000017837,0.9999999999999339,1.0000000014174286
 ,518,YNL111C,1.0000000000817177,0.9999999999940972,0.9999999999999339,1.0000000014174286
 ,519,YOR168W,1.0000000000353264,1.0000000043475485,0.9999999864972179,1.0000000012243668
 ,520,YLR231C,0.9999999947763347,1.0000000042777142,0.9999999999999339,1.0000000014174286
 ,521,YKL184W,1.0000000002029104,1.0000000005258223,1.0000000004366423,1.0000000014150374
 ,522,YNL129W,1.000000000134833,1.000000000308006,0.9999999999999339,1.0000000014174286
 ,523,YJR139C,0.0,0.0,0.0,0.0
 ,524,YKL016C,0.8222712125660687,0.8222712064205077,0.40194170187806477,-5.0
 ,525,YPL111W,1.0000000000353066,0.9999999999841187,1.0000000000000129,1.000000001416193
 ,526,YER183C,1.0000000000353066,1.000000001163328,0.9999999999999903,1.000000001417281
 ,527,YLR160C,1.0000000001722789,0.9999999989277941,0.9999999998117736,1.000000001417281
 ,528,YKL174C,1.000000000035286,0.9999999999941689,1.0000000009773762,1.0000000074899238
 ,529,YDL066W,0.9970457181811421,0.9970457181592773,0.9972270295165881,0.9986732285909867
 ,530,YOR130C,0.0,0.0,0.0,0.0
 ,531,YKR093W,0.9999999951639473,1.0000000015451618,0.9999999999999802,1.000000001417272
 ,532,YMR319C,1.0000000000353555,0.9999999998373166,0.9999999999999802,1.000000001417272
 ,533,YOL066C,0.0,0.0,0.0,0.0
 ,534,YBR085W,1.0000000000223597,0.9999999982237444,1.0000000000001998,1.0000000014172716
 ,535,YBR184W,1.000000000035318,0.9999999999942849,1.0000000000000395,1.0000000014172845
 ,536,YCR098C,1.0000000000135751,0.999999998611466,0.9999999848268418,1.000000001176111
 ,537,YKL026C,1.000000000035318,0.9999999999942849,1.0000000000000395,1.0000000014172845
 ,538,YKL212W,1.000000000035318,0.9999999999942849,1.0000000000000395,1.0000000014172845
 ,539,YNR050C,0.0,0.0,0.0,0.0
 ,540,YJR078W,1.0000000000352849,1.000000000807744,1.0000000044201336,1.0000000003745253
 ,541,YPL188W,1.000000000035304,0.9999999999941995,0.9999999999999234,1.0000000014172858
 ,542,YOL033W,1.000000000035304,1.000000001961085,0.9999999999999601,1.0000000010402172
 ,543,YGR180C,1.0000000016999924,1.0000000000040106,1.0000000000000018,1.0000000014172694
 ,544,YNL073W,1.000000000035304,1.000000001961085,0.9999999999999601,1.0000000010402172
 ,545,YOR374W,1.000000000035304,1.000000001961085,0.9999999999999601,1.0000000010402172
 ,546,YFR047C,1.000000000035304,1.000000001961085,0.9999999999999601,1.0000000010402172
 ,547,YBR132C,1.000000000035304,1.000000001961085,0.9999999999999601,1.0000000010402172
 ,548,YML110C,1.000000000035304,1.000000001961085,0.9999999999999601,1.0000000010402172
 ,549,YOL011W,1.000000000035304,1.000000001961085,0.9999999999999601,1.0000000010402172
 ,550,YLR372W,1.000000000035304,1.000000001961085,0.9999999999999601,1.0000000010402172
 ,551,YPR138C,1.0000000000353466,0.9999999999942015,0.9999999947422737,1.0000000014172705
 ,552,YPL276W,1.000000000035304,1.000000001961085,0.9999999999999601,1.0000000010402172
 ,553,YAR075W,1.000000000035304,1.000000001961085,0.9999999999999601,1.0000000010402172
 ,554,YOR171C,1.000000000035304,1.000000001961085,0.9999999999999601,1.0000000010402172
 ,555,YBR248C,1.000000000035304,1.000000001961085,0.9999999999999601,1.0000000010402172
 ,556,YHL016C,1.000000000035304,1.000000001961085,0.9999999999999601,1.0000000010402172
 ,557,YLR201C,1.000000000035304,1.000000001961085,0.9999999999999601,1.0000000010402172
 ,558,YFL017C,1.000000000035304,1.000000001961085,0.9999999999999601,1.0000000010402172
 ,559,YDL168W,1.0000000000353273,0.9999999999941995,0.9999999999999234,1.0000000014172405
 ,560,YIL134W,0.9999999991952817,0.9999999999941873,1.0000000000071063,1.0000000015427728
 ,561,YDR236C,0.9999999996471093,1.0000000002409675,1.000000000188068,1.0000000058605758
 ,562,YKL106W,1.000000000089171,0.999999999994169,0.9985647040304249,0.9989451924215325
 ,563,YLR307W,0.9999999954380223,0.9999999999941779,1.0000000000011808,1.0000000014172767
 ,564,YCR053W,0.0,0.0,0.0,0.0
 ,565,YER005W,1.000000000584328,1.0000000045583226,1.000000031559892,1.0000000014173411
 ,566,YGL063W,1.0000000000352705,0.9999999999940922,1.0000000000167064,1.0000000014174206
 ,567,YIL053W,1.000000000035304,1.000000001961085,0.9999999999999601,1.0000000010402172
 ,568,YGL148W,0.0,0.0,0.0,0.0
 ,569,YNL192W,1.0000000000352605,0.9999999999388528,1.0000000010135017,1.000000001417285
 ,570,YCL035C,1.0000000000352605,0.9999999999388528,1.0000000010135017,1.000000001417285
 ,571,YKR053C,1.0000000000352727,1.0000000005900256,1.0000000023133695,1.0000000014172723
 ,572,YLR420W,1.0000000000352727,1.0000000005900256,1.0000000023133695,1.0000000014172723
 ,573,YOL056W,1.0000000000352727,1.0000000005900256,1.0000000023133695,1.0000000014172723
 ,574,YHR144C,0.9999699670101088,0.9999699669591048,0.9999716154691902,0.999979148421827
 ,575,YDR208W,0.9999999999392025,0.9999999997741946,1.0000000012555998,1.000000001311675
 ,576,YJR077C,0.9845843354663042,0.9845843354258438,0.8093306056421583,0.8145670855028527
 ,577,YGR088W,1.0000000001803886,0.9999999999880671,1.00000000002342,1.000000001417295
 ,578,YDR297W,1.0000000033773948,0.9999999999942206,1.0000000008888628,1.000000001417394
 ,579,YAR015W,2.41472641906423e-12,-9.291352602786803e-13,6.308351473224884e-12,0.0
 ,580,YLR299W,1.0000000033773948,0.9999999999942206,0.999999991503984,1.000000001417394
 ,581,YOR176W,1.0000000033773948,0.9999999999942206,0.999999991503984,1.000000001417394
 ,582,YOR109W,1.0000000033773948,0.9999999999942206,0.999999991503984,1.000000001417394
 ,583,YOL049W,1.0000000033773948,0.9999999999942206,0.999999991503984,1.000000001417394
 ,584,YDR158W,0.0,0.0,0.0,0.0
 ,585,YBR180W,0.9999999999958837,1.0000000000363156,1.0000000008489167,1.0000000013543333
 ,586,YNL247W,1.0000000000352551,1.0000000001144504,1.0000000000206972,1.000000001417318
 ,587,YHR128W,0.9999999981705746,0.9999999991541786,0.999999999676918,1.0000000014172785
 ,588,YOL126C,0.9999999961211604,1.0000000001618072,0.9999999984997818,0.9999999923885942
 ,589,YCR073W-A,1.000000009893224,0.9999999999941968,0.999999999992698,0.9999999856542181
 ,590,YMR120C,1.000000009893224,0.9999999999941968,0.999999999992698,0.9999999856542181
 ,591,YDR256C,1.000000000584328,1.0000000045583226,1.000000031559892,1.0000000014173411
 ,592,YOR143C,1.000000000584328,1.0000000045583226,1.000000031559892,1.0000000014173411
 ,593,YDL052C,1.000000000584328,1.0000000045583226,1.000000031559892,1.0000000014173411
 ,594,YER175C,1.0000000022331912,0.9999999912467187,0.9999999991063087,1.0000000014172197
 ,595,YIL009W,0.9999999998935215,0.9999999999139241,1.0000000226897134,1.0000000014171988
 ,596,YIL168W,1.000000000584328,1.0000000045583226,1.000000031559892,1.0000000014173411
 ,597,YML075C,1.000000000584328,1.0000000045583226,1.000000031559892,1.0000000014173411
 ,598,YCR024C,1.000000000584328,1.0000000045583226,1.000000031559892,1.0000000014173411
 ,599,YAL044C,1.0000000095056114,0.9999999999941968,0.9948097586578847,0.9921810513834265
 ,600,YGR061C,-1.9386410203477554e-12,0.0,-5.0,0.0
 ,601,YLR355C,0.0,0.0,0.0,0.0
 ,602,YCR032W,1.0000000000352982,0.9999999999942446,1.0000000000000469,1.0000000012017118
 ,603,YPR081C,1.0000000000352827,0.9999999999941803,1.0000000000000842,1.000000001417288
 ,604,YMR118C,1.0000000000352827,0.9999999999941803,1.0000000000000842,1.000000001417288
 ,605,YIL043C,1.0000000000352827,0.9999999999941803,1.0000000000000842,1.000000001417288
 ,606,YPL134C,1.0000000000352827,0.9999999999941803,1.0000000000000842,1.000000001417288
 ,607,YOL096C,1.0000000000353146,0.9999999999942036,1.000000000000009,1.000000001417288
 ,608,YDR284C,1.0000000000353146,0.9999999999942036,1.000000000000009,1.000000001417288
 ,609,YOR108W,0.9999999999183905,1.0000000001072256,0.9999999864972179,1.0000000008393102
 ,610,YLR151C,1.0000000000353146,0.9999999999942036,1.000000000000009,1.000000001417288
 ,611,YPR121W,1.0000000000353146,0.9999999999942036,1.000000000000009,1.000000001417288
 ,612,Q0105,0.7627134311218421,0.762713431090348,-5.0,-5.0
 ,613,YEL071W,1.0000000000353146,0.9999999999942036,1.000000000000009,1.000000001417288
 ,614,YMR272C,1.0000000000353146,0.9999999999942036,1.000000000000009,1.000000001417288
 ,615,YML120C,1.0000000000353146,0.9999999999942036,1.000000000000009,1.000000001417288
 ,616,YHR106W,1.0000000000353146,0.9999999999942036,1.000000000000009,1.000000001417288
 ,617,YKL132C,1.0000000000353146,0.9999999999942036,1.000000000000009,1.000000001417288
 ,618,YDL040C,1.0000000000353146,0.9999999999942036,1.000000000000009,1.000000001417288
 ,619,YCL004W,1.0000000000353146,0.9999999999942036,1.000000000000009,1.000000001417288
 ,620,YLR153C,6.831380732724318e-10,0.0,0.0,0.0
 ,621,YMR226C,1.0000000000353146,0.9999999999942036,1.0000000000007832,1.0000000027089637
 ,622,YMR008C,1.0000000043188173,1.0000000067512205,1.000000000004463,0.9999999959267969
 ,623,YBL015W,0.9999999997628776,0.9999999999942095,0.9999999999522745,1.0000000012017465
 ,624,YEL027W,1.0000000000353146,0.9999999999942036,1.0000000000021063,1.000000001417273
 ,625,YHL012W,1.0000000000353146,0.9999999999942036,1.0000000000021063,1.000000001417273
 ,626,YGR183C,0.7627134311216407,0.7627134310904244,-5.0,-5.0
 ,627,YBL076C,1.0000000000706755,0.9999999997504337,1.00000000000233,1.0000000014161898
 ,628,YPR191W,0.7627134370136798,0.7627134310903999,-5.0,-5.0
 ,629,YLR017W,0.9999999971458675,0.9999999999942412,0.9999999999999247,1.0000000014176558
 ,630,YJR010W,1.000000000035278,1.0000000000067395,1.000000000000124,0.9999999962855214
 ,631,YBR041W,1.000000000035278,0.9999999998564753,1.000000000000124,1.000000001826927
 ,632,YNR033W,0.9999999999768069,0.999999999994216,0.9999999999999339,1.0000000014174286
 ,633,YGR193C,0.9605967638385202,0.960596763664168,0.980508096554665,1.000000001826927
 ,634,YDR487C,0.0,0.0,0.0,0.0
 ,635,YJR051W,1.0000000000499643,0.9999999998373166,1.0000000000252562,0.9999999925819923
 ,636,YPL273W,1.0000000000887497,1.0000000013058978,0.9999999999999551,0.9999999997683677
 ,637,YOL030W,0.9999999999183905,1.0000000001072256,0.9999999864972179,1.0000000008393102
 ,638,YDR261C,1.0000000000887497,1.0000000013058978,0.9999999999999551,0.9999999997683677
 ,639,YKL218C,1.0000000000887497,1.0000000013058978,0.9999999999999551,0.9999999997683677
 ,640,YNL009W,1.0000000000887497,0.9999999996814449,0.9999999999999551,0.9999999997683677
 ,641,YER065C,0.9967787909885933,0.9967787909539944,1.0000000002731855,0.0
 ,642,YEL011W,1.0000000000887497,0.9999999996814449,0.9999999999999551,1.000000001424339
 ,643,YML035C,1.0000000000887497,0.9999999996814449,0.9999999999999551,0.9999999997683677
 ,644,YDR453C,1.0000000000887497,0.9999999996814449,0.9999999999999551,0.9999999997683677
 ,645,YDR037W,1.0000000000887497,0.9999999996814449,0.9999999999999551,0.9999999997683677
 ,646,YER178W,0.9605967635224629,0.9605967636642083,0.9805081094290499,0.9999999997683677
 ,647,YGR170W,0.9999999998784197,0.9999999991372885,1.0000000000411444,0.9999999997683677
 ,648,YDL247W,1.0000000004337484,1.0000000009403687,0.9999999999999967,0.9999999997683677
 ,649,YFL022C,1.0000000004337484,1.0000000009403687,0.9999999999999967,0.9999999997683677
 ,650,YDR047W,1.0000000004337484,1.0000000009403687,0.9999999999999967,0.9999999997683677
 ,651,YDR321W,1.0000000004337484,1.0000000009403687,0.9999999999999967,0.9999999997683677
 ,652,YNR001C,1.0000000004337484,1.0000000009403687,0.9999999999999967,0.9999999997683677
 ,653,YNL071W,0.9605967635224629,0.9605967636641853,0.9805080963412316,0.9999999997683677
 ,654,YMR088C,0.9999999999262779,0.999999999994184,1.0000000014225041,0.9999999997683677
 ,655,YDR147W,0.9999999953173394,0.9999999999845022,0.9999999733737376,0.9999999997683677
 ,656,YDL093W,0.9999999953173394,0.9999999999845022,0.9999999733737376,0.9999999997683677
 ,657,YLR295C,0.8222712228496193,0.8222712200832691,0.4019416922507761,-5.0
 ,658,YDR530C,1.00000000043524,0.9999999999942374,1.0000000000000648,1.000000001417286
 ,659,YKL148C,1.000000000035284,1.0000000094012498,0.9999999999999598,1.0000000242810572
 ,660,YKL192C,1.0000000000353222,1.0000000147409167,1.0000000000000089,1.0000000014172763
 ,661,YKL216W,1.0000000000353222,1.0000000147409167,1.0000000000000089,1.0000000014172763
 ,662,YER086W,1.0000000000353222,1.0000000147409167,1.0000000000000089,1.0000000014172763
 ,663,YGL001C,0.0,0.0,0.0,0.0
 ,664,YBR291C,1.000000000035253,1.0000000001568037,1.00000000000001,0.9999999959200506
 ,665,YJR160C,1.0000000000353213,1.0000000001568037,0.9999999999999812,1.0000000014172963
 ,666,YPL189W,1.000000000035318,0.9999999999942258,1.0000000000000184,0.9999999836610725
 ,667,YLR285W,1.0000000000353102,0.9999999999942025,1.0000000000001033,1.0000000014172794
 ,668,YPR156C,1.0000000000353102,0.9999999999942025,1.0000000000001033,1.0000000014172794
 ,669,YJL060W,1.0000000000353102,0.9999999999942025,1.0000000000001033,1.0000000014172794
 ,670,YOR100C,1.0000000000353102,0.9999999999942025,1.0000000000001033,1.0000000014172794
 ,671,YPL252C,0.9999999994613116,0.9999999999845031,0.99999995519823,1.000000001530083
 ,672,YKR097W,1.0000000000353102,0.9999999999942025,1.0000000000001033,0.0
 ,673,YPL172C,1.0000000000353102,0.9999999999942025,1.0000000000001033,1.0000000005377463
 ,674,YML042W,1.000000000035366,0.9999999983670529,0.9999999953539069,1.0000000014172776
 ,675,YHR019C,0.9999999994613116,0.9999999999845031,0.99999995519823,1.000000001530083
 ,676,YNL037C,1.0000000000352394,1.0000000001432714,1.0000000000001033,1.000000001417276
 ,677,YKL211C,0.0,0.0,0.0,0.0
 ,678,YDL131W,1.000000000035389,1.0000000001540448,1.0000000006279037,1.0000000014172805
 ,679,YMR054W,1.0000000000353013,1.0000000024959608,0.9999999993739471,1.0000000014172705
 ,680,YIL107C,1.0000000000353013,1.0000000024959608,0.9999999993739471,1.0000000014172705
 ,681,YER053C,1.0000000000353013,1.0000000024959608,0.9999999993739471,1.0000000014172705
 ,682,YOR126C,1.0000000000353013,1.0000000024959608,0.9999999993739471,1.0000000014172705
 ,683,YKR066C,1.0000000000353013,1.0000000024959608,0.9999999993739471,1.0000000014172705
 ,684,YIR034C,0.0,0.0,0.0,0.0
 ,685,YLR081W,1.0000000000223221,0.9999999994957477,0.9999999998830574,1.0000000056552059
 ,686,YCL050C,1.000000000035288,0.9999999999941814,1.0000000127441786,1.000000001417212
 ,687,YLR303W,1.000000000035288,0.9999999999941814,1.0000000127441786,1.000000001417212
 ,688,YER043C,0.0,0.0,0.0,0.0
 ,689,YGR087C,1.000000001927834,1.0000000008952878,0.9999999956843318,1.0000000236068975
 ,690,YGL008C,1.000000001927834,1.0000000008952878,0.9999999956843318,1.0000000236068975
 ,691,YJL026W,0.9999999981705746,1.0000000004350227,1.0000000016327686,1.0000000058988419
 ,692,YOL103W,1.0000000026109719,1.0000000008952878,1.0000000067359571,1.00000001955278
 ,693,YCL025C,1.0000000026109719,1.0000000008952878,1.0000000067359571,1.00000001955278
 ,694,YBR034C,1.0000000000352562,0.9999999993980688,1.0000000009330463,1.0000000014172679
 ,695,YMR108W,0.0,0.0,0.0,0.0
 ,696,YDR272W,1.000000000547386,0.9999999999942101,1.000000000002288,0.9999999883005595
 ,697,YGR289C,1.00000000020933,0.9999999999942112,0.9999999838725219,1.000000001418612
 ,698,YGR157W,0.0,0.0,0.0,0.0
 ,699,YJR143C,1.0000000000353046,0.9999999957384881,0.9999999999999991,1.0000000013952264
 ,700,YBR196C,0.8040663862158722,0.40812331325157997,0.0,0.0
 ,701,YMR083W,1.0000000053435245,0.9999999977879023,0.9999999996949331,1.000000001571852
 ,702,YGR147C,1.000000001244696,0.9999999981294714,0.9999999999325601,1.0000000029827516
 ,703,YFL018C,0.9605967635224629,0.9605967636641621,0.9755177138036523,0.9921810498937693
 ,704,YMR261C,1.0000000043380874,0.9999999955108404,0.9999999992926112,1.000000001483018
 ,705,YBR018C,1.0000000000352656,0.0,1.0000000000014306,1.000000001380485
 ,706,YLR142W,1.0000000043188173,0.9999999909565216,1.0000000000014306,1.000000001380485
 ,707,YBR006W,1.0000000000353146,0.9999999999942036,1.000000000000009,1.000000001417288
 ,708,YLR038C,0.7571803827327661,0.7571803663063299,-5.0,-5.0
 ,709,YJL139C,1.0000000000513214,0.9999999999941792,1.0000000000000648,1.0000000031377385
 ,710,YDL015C,0.9999999993893697,0.9999999999942031,1.0000000112425167,1.0000000014171824
 ,711,YHR068W,0.9999999993893697,0.9999999999942031,1.0000000112425167,1.0000000014171824
 ,712,YCR036W,0.9999999993893697,0.9999999999942031,1.0000000112425167,1.0000000014171824
 ,713,YGR287C,0.9999999993893697,0.9999999999942031,1.0000000112425167,1.0000000014171824
 ,714,YER015W,0.9999999993893697,0.9999999999942031,1.0000000112425167,1.0000000014171824
 ,715,YBR166C,0.9999999993893697,0.9999999999941811,1.0000000112425167,1.0000000014171824
 ,716,YMR170C,0.9999999993893697,0.9999999999942346,1.0000000112425167,1.0000000014171824
 ,717,YIL155C,0.9999999993893697,0.9999999999941951,1.000000000000054,1.0000000014171824
 ,718,YGR171C,0.9999999993893697,0.9999999999941951,1.0000000005513985,1.0000000014171824
 ,719,YJR121W,0.8222712171719345,0.8222712135934575,0.40194174178231556,-5.0
 ,720,YDR035W,0.9999999971619667,1.0000000037350865,0.9999999994785677,1.0000000119427248
 ,721,YGR055W,1.0000000040790358,1.0000000009370322,0.9999999999999697,1.000000001373393
 ,722,YDR502C,1.0000000040790358,1.0000000009370322,0.9999999999999697,1.000000001373393
 ,723,YGR065C,1.0000000000352758,0.9999999999941975,1.0000000114318304,1.0000000011761219
 ,724,YER062C,1.0000000000352758,0.9999999999941975,1.0000000114318304,1.0000000011761219
 ,725,YPR192W,1.0000000000352758,0.9999999999941975,1.0000000114318304,1.0000000011761219
 ,726,YGR247W,1.0000000000352758,0.9999999999941975,1.0000000114318304,1.0000000011761219
 ,727,YDR098C,1.0000000000352758,0.9999999999941975,1.0000000114318304,1.0000000011761219
 ,728,YLR245C,1.0000000000352758,0.9999999999941975,1.0000000114318304,1.0000000011761219
 ,729,YHR092C,1.0000000000352758,0.9999999999941975,1.0000000114318304,1.0000000011761219
 ,730,YNR016C,0.0,0.0,0.0,0.0
 ,731,YPR026W,1.0000000000340974,1.0000000018867308,1.000000014339276,1.0000000008801384
 ,732,YLR070C,1.000000000039776,0.9999999999941942,0.9999999963690231,1.000000001417274
 ,733,YIL078W,1.000000000012263,0.9999999999812004,1.0000000003304443,1.0000000014172983
 ,734,YBR023C,0.999999998613405,0.9999999989771223,0.9999999905221939,1.0000000014172459
 ,735,YNL052W,1.0000000016999924,1.0000000000040106,1.0000000000000018,1.0000000014172694
 ,736,YGL184C,1.0000000016999924,1.0000000000040106,1.0000000000000018,1.0000000014172694
 ,737,YBL042C,1.0000000016999924,1.0000000000040106,1.0000000000000018,1.0000000014172694
 ,738,YNR008W,0.9999999999035069,0.9999999997741946,0.9999999999999936,1.0000000013116608
 ,739,YBR249C,1.0000000016999924,1.0000000000040106,1.0000000000000018,1.0000000014172694
 ,740,YLR155C,1.0000000016999924,1.0000000000040106,1.0000000000000018,1.0000000014172694
 ,741,YEL069C,1.0000000000254987,0.9999999999942026,1.0000000011382604,1.0000000014171573
 ,742,YDR341C,1.0000000016999924,1.0000000000040106,1.0000000000000018,1.0000000014172694
 ,743,YLL052C,1.0000000016999924,1.0000000000040106,1.0000000000000018,1.0000000014172694
 ,744,YGR012W,1.0000000000353102,0.9999999999942025,1.0000000000001033,1.0000000014172794
 ,745,YBR084W,1.0000000016999924,1.0000000000040106,1.0000000000000018,1.0000000014172694
 ,746,YDR127W,0.0,0.0,0.0,0.0
 ,747,YGR202C,0.9999999999481723,1.0000000070102664,1.0000000007414513,1.0000000014172699
 ,748,YEL063C,1.0000000000353146,0.9999999999942036,1.0000000000021063,1.000000001417273
 ,749,YKL120W,0.9999999999490873,1.000000000013304,0.9999999999999856,1.0000000018792474
 ,750,YJR057W,1.0000000004877776,1.0000000000039024,0.9999999999999274,1.0000000011724535
 ,751,YJL045W,1.0000000048542608,1.000000000063584,1.0000000000000464,0.9999999953808424
 ,752,YKL127W,1.0000000048542608,1.000000000063584,1.0000000000000464,0.9999999953808424
 ,753,YPR001W,1.0000000014539343,0.9999999999942004,0.999999978475908,1.0000000009877426
 ,754,YMR011W,1.0000000000769693,0.9999999987499156,1.0000000000001652,1.0000000014172736
 ,755,YEL024W,0.7627134311217949,0.7627134302608652,-5.0,-5.0
 ,756,YJL126W,1.0000000000352212,0.9999999999941862,0.9999999983585074,0.9999999934033011
 ,757,YKL067W,0.0,0.0,0.0,0.0
 ,758,YLR158C,1.0000000000477238,0.9999999999843826,1.0000000000908764,1.0000000016935637
 ,759,YIL099W,0.9999999999170035,1.0000000005900307,0.9999999999999936,1.0000000014172783
 ,760,YJR009C,0.9999999999170035,1.0000000005900307,0.9999999999999936,1.0000000014172783
 ,761,YPR145W,0.9999999999170035,1.0000000005900307,0.9999999999999936,1.0000000014172783
 ,762,YDR023W,0.9999999999170035,1.0000000005900307,0.9999999999999936,1.0000000014172783
 ,763,YOR375C,0.9999999999170035,1.0000000005900307,0.9999999999999936,1.0000000014172783
 ,764,YOR347C,0.9999999999170035,1.0000000005900307,0.9999999999999936,1.0000000014172783
 ,765,YLR092W,0.9999999998973544,1.0000000005900307,0.9999999999999936,1.0000000014172783
 ,766,YKL141W,0.9999999971619667,0.9999999999941762,1.0000000000000697,1.0000000014172734
 ,767,YDR072C,0.9999999999170035,1.0000000005900307,0.9999999999999936,1.0000000014172783
 ,768,YDR298C,0.8222712163598076,0.8222712210597467,0.40194170509200083,-5.0
 ,769,YIL020C,1.0000000000353655,0.9999999999941779,0.9999999914653596,1.0000000014172938
 ,770,YBR208C,1.0000000000269593,0.9999999999941898,1.0000000000000147,1.000000001554234
 ,771,YOL059W,1.0000000053435245,0.9999999999941898,1.0000000000000147,0.9999999998983691
 ,772,YOR099W,1.000000001365748,0.9999999999844639,1.0000000000000147,1.0000000008389238
 ,773,YER056C,1.0000000000353588,1.0000000043475485,1.0000000003197582,1.0000000012243668
 ,774,YML100W,1.000000001365748,0.9999999999844639,1.0000000000000147,1.0000000008389238
 ,775,YNL117W,0.9999999971619667,0.9999999993865821,0.9999999983905471,1.0000000119427248
 ,776,YKL150W,1.000000001365748,0.9999999999844639,1.0000000000000147,1.0000000008389238
 ,777,YMR105C,1.000000001365748,0.9999999999844639,1.0000000000000147,1.0000000008389238
 ,778,YHR026W,0.9999999996170128,0.9999999999844639,1.0000000000000147,1.0000000008389238
 ,779,YPL160W,0.9999999996170128,0.9999999999844639,1.0000000000000147,1.0000000008389238
 ,780,YHR043C,0.9999999996170128,0.9999999999844639,1.0000000000000147,1.0000000008389238
 ,781,YBR011C,0.9772891934985026,0.9772891883347973,0.9785082039048849,0.9512269189694609
 ,782,YGR037C,0.0,-3.4156903662217633e-10,0.0,0.0
 ,783,YLR172C,0.999999993047039,0.9999999971047643,1.0000000000000044,1.0000000014601989
 ,784,YPL091W,1.0000000000254987,0.9999999999942026,1.0000000011382604,1.0000000014171573
 ,785,YBL039C,1.0000000000254987,0.9999999999942026,1.0000000011382604,1.0000000014171573
 ,786,YNR058W,1.0000000000254987,0.9999999999942026,1.0000000011382604,1.0000000014171573
 ,787,YML096W,1.0000000000254987,0.9999999999942026,1.0000000011382604,1.0000000014171573
 ,788,YPL147W,1.0000000016999924,1.0000000000040106,1.0000000000000018,1.0000000014172694
 ,789,YOR323C,1.0000000000254987,0.9999999999942026,1.0000000011382604,1.0000000014171573
 ,790,YDR300C,1.0000000000254987,0.9999999999942026,1.0000000011382604,1.0000000014171573
 ,791,YML106W,1.0000000000254987,0.9999999999942026,1.0000000011382604,1.0000000014171573
 ,792,YJL214W,1.0000000000254987,0.9999999999942026,1.0000000011382604,1.0000000014171573
 ,793,YMR169C,1.0000000000254987,0.9999999999942026,1.0000000011382604,1.0000000014171573
 ,794,YLR240W,1.0000000000254987,0.9999999999942026,1.0000000011382604,1.0000000014171573
 ,795,YER026C,0.0,0.0,0.0,0.0
 ,796,YPR069C,1.0000000001561942,1.0000000000703364,0.9999999998122643,1.0000000009306749
 ,797,YMR215W,1.00000000005099,0.999999998611357,0.9999999953539069,1.0000000019360664
 ,798,YOL151W,0.9999999971619667,0.99999999998449,0.9999999989237985,1.0000000015377277
 ,799,YJR095W,1.00000000005099,0.999999998611357,0.9999999953539069,1.0000000019360664
 ,800,YOL143C,0.0,0.0,0.0,0.0
 ,801,YCR024C-A,1.0000000000353102,0.9999999999942025,1.0000000000001033,1.0000000014172794
 ,802,YOR142W,0.9864981019491906,0.9864981064058678,0.9999999953539069,1.0000000014172776
 ,803,YPL281C,1.0000000025285856,0.9999999999554575,0.9999999953539069,1.0000000014172776
 ,804,YOR040W,1.000000000035346,0.9999999978201665,0.9999999953539069,1.0000000014172776
 ,805,YFR033C,0.7627134448697677,0.7627134310950698,-5.0,-5.0
 ,806,YEL046C,0.9999999940011096,1.0000000094012498,0.9905932251573902,1.0000000014177248
 ,807,YBR192W,1.0000000001321396,0.9999999943722121,0.9999999999999906,1.0000000275487895
 ,808,YLR020C,1.00000000042598,0.9999999999942217,1.0000000006003928,1.0000000275487895
 ,809,YDL022W,1.0000000004840515,0.9999999999942126,0.9999999972337713,1.0000000275487895
 ,810,YPR021C,0.997471831245164,0.9974718313651436,1.0000000003328167,1.0000000275487895
 ,811,YLR044C,1.000000000035291,0.9999999999942106,1.0000000003328167,1.0000000275487895
 ,812,YLL018C,0.9999999999636926,0.9999999999942067,1.0000000003328167,1.0000000275487895
 ,813,YDL078C,0.9999999999636926,0.9999999999942067,1.0000000003328167,1.0000000275487895
 ,814,YPR060C,0.0,0.0,0.0,0.0
 ,815,YMR271C,0.9999999997815068,0.9999999999942131,1.0000000000567655,1.000000001417274
 ,816,YOR074C,0.0,0.0,0.0,0.0
 ,817,YBR221C,0.9605967669381532,0.9605967651908245,0.9805080965546337,1.0000000076084155
 ,818,YLR146C,1.000000000035299,0.9999999947352316,0.9999999999999885,0.9999999986912812
 ,819,YOR155C,1.0000000000353038,0.9999999998963046,0.9999999999999885,0.9999999971426963
 ,820,YHR174W,1.0000000000353058,0.9999999998963046,1.0000000000000004,1.0000000016750976
 ,821,YIR032C,1.0000000000353058,0.9999999998963046,1.0000000000000004,1.0000000016750976
 ,822,YCL009C,0.0,0.0,0.0,0.0
 ,823,YJL121C,0.9973119630111108,0.9973119629829894,0.9884886392702477,0.9941528110453376
 ,824,YMR208W,0.0,0.0,0.0,0.0
 ,825,YKL008C,1.00000000003519,0.9999999999843502,1.0000000047006898,1.0000000568185343
 ,826,YMR189W,1.000000000086326,1.000000002875095,0.9948097597387269,0.9921810513938234
 ,827,YNL029C,1.0000000000352551,1.0000000001144504,1.0000000000206972,1.000000001417318
 ,828,YKL140W,1.0000000000352551,1.0000000001144504,1.0000000000206972,1.000000001417318
 ,829,YPL069C,1.0000000000352551,1.0000000001144504,1.0000000000206972,1.000000001417318
 ,830,YBR093C,1.0000000000352551,1.0000000001144504,1.0000000000206972,1.000000001417318
 ,831,YJL196C,1.0000000000352551,0.9999999999843502,1.0000000080174691,1.0000000568185343
 ,832,YPR160W,0.9999999886066415,0.9999999999948267,0.9999999999999349,1.0000000005397107
 ,833,YGR175C,0.0,0.0,0.0,0.0
 ,834,YIL145C,0.9999999990260328,1.0000000012130683,1.0000000140565266,1.000000001417282
 ,835,YEL041W,0.9999999990260328,1.0000000012130683,1.0000000140565266,1.000000001417282
 ,836,YLR058C,0.9838545937392602,0.9838545919651528,0.9832494057891294,0.9875009143238471
 ,837,YGR240C,0.24463490833441323,0.18605376673845173,0.9999999999999578,0.9999999982399732
 ,838,YBR058C-A,1.0000000001306852,1.0000000001618072,0.9999999999999969,1.0000000145684502
 ,839,YJR137C,0.9999999999377204,0.9999999995237291,0.9999999999999758,0.9999999914000596
 ,840,YNR012W,0.998617849055258,0.9986178495442205,0.998693567415534,0.9990399317104206
 ,841,YLR134W,1.0000000004194247,1.0000000012212105,1.000000000000045,1.00000000223116
 ,842,YMR020W,0.999999997621727,1.0000000001971572,1.000000000000001,1.0000000015192654
 ,843,YDR111C,0.997981144668418,0.9979811442352434,0.9986452028875066,0.9945660785430387
 ,844,YPL110C,1.0000000000352895,0.9999999999941739,1.0000000000000697,0.9999999900339499
 ,845,YDR377W,0.8222712172277258,0.8222712082685327,0.40194170531373224,-5.0
 ,846,YIL010W,1.0000000002161744,1.0000000049608522,0.9999999999689365,1.0000000014172816
 ,847,YBR298C,0.999999998613405,0.9999999989771223,0.9999999905221939,1.0000000014172459
 ,848,YHR091C,0.999999998613405,0.9999999989771223,0.9999999905221939,1.0000000014172459
 ,849,YHR072W,0.0,0.0,0.0,0.0
 ,850,YKL001C,0.999999998613405,0.9999999989771223,0.9999999905221939,1.0000000014172459
 ,851,YNL106C,0.999999998613405,0.9999999989771223,0.9999999905221939,1.0000000014172459
 ,852,YPL231W,0.0,0.0,0.0,0.0
 ,853,YIL066C,1.000000000847738,1.0000000071388329,0.9999999993822416,1.0000000014172823
 ,854,YHR183W,1.000000000847738,1.0000000071388329,0.9999999993822416,1.0000000014172823
 ,855,YGL253W,1.000000000847738,1.0000000071388329,0.9999999993822416,1.0000000014172823
 ,856,YFR015C,1.000000000847738,1.0000000071388329,0.9999999993822416,1.0000000014172823
 ,857,YDR345C,1.000000000847738,1.0000000071388329,0.9999999993822416,1.0000000014172823
 ,858,YHL032C,0.9999999999183905,1.0000000001072256,1.0000000000015385,1.0000000008393102
 ,859,YIL002C,0.9999999999183905,1.0000000001072256,0.9999999864972179,1.0000000008393102
 ,860,YPR035W,-3.7840313387594486e-13,-6.760850291341085e-13,1.5416468629840337e-12,0.0
 ,861,YNR041C,0.9999999999183905,1.0000000001072256,0.9999999864972179,1.0000000008393102
 ,862,YJL068C,0.9999999999183905,1.0000000001072256,0.9999999864972179,1.0000000008393102
 ,863,YMR306W,1.000000003977248,0.9999999991541786,1.0000000000014306,1.0000000030591003
 ,864,YLR138W,0.9999999980710413,0.9999999999942214,0.9999999999283341,1.0000000014172608
 ,865,YDR148C,0.986498101921866,0.986498099428842,0.9999999864972179,1.0000000008393102
 ,866,YHR046C,0.0006282200734856875,0.0006282200734598657,0.0021269780647644883,0.006204238142135226
 ,867,YOL132W,0.9999999940717461,0.9999999997741946,0.999999999059592,0.9999999791379592
 ,868,YHR096C,0.9999999940717461,0.9999999997741946,0.999999999059592,0.9999999791379592
 ,869,YHR216W,0.9999999940717461,0.9999999997741946,0.999999999059592,0.9999999791379592
 ,870,YKR061W,1.0000000000353069,0.9999999937764655,0.9999999746926538,1.0000000014172754
 ,871,YOR278W,1.0000000022331912,0.9999999912467187,0.9999999991063087,1.0000000014172197
 ,872,YOL052C,1.0000000022331912,0.9999999912467187,0.9999999991063087,1.0000000014172197
 ,873,YKR031C,1.0000000022331912,0.9999999912467187,0.9999999991063087,1.0000000014172197
 ,874,YDL141W,1.0000000022331912,0.9999999912467187,0.9999999991063087,1.0000000014172197
 ,875,YHR051W,0.7571803806743936,0.7571803837263508,-5.0,-5.0
 ,876,YHL003C,0.9999999980768082,1.0000000094012498,0.9999999999990364,1.0000000014173838
 ,877,YJL155C,0.99999999980949,1.0000000001618072,1.0000000000011127,1.0000000014172696
 ,878,YDR342C,0.99999999980949,1.0000000001618072,1.0000000000011127,1.0000000014172696
 ,879,YLR284C,0.99999999980949,1.0000000001618072,1.0000000000011127,1.0000000014172696
 ,880,YPL078C,0.8222712173543356,0.8222712183464589,0.4019417040619083,-5.0
 ,881,YOR125C,0.9999999996800776,1.0000000049608522,1.0000000021951727,1.0000000014172121
 ,882,YDR400W,1.0000000050019553,0.9999999994957477,0.9999999997505724,1.0000000014173178
 ,883,YDR508C,1.0000000000353588,1.0000000043475485,1.0000000003197582,1.0000000012243668
 ,884,YLL048C,1.0000000014539343,0.9999999999942004,0.999999978475908,1.0000000009877426
 ,885,YGL234W,-1.6701359531973535e-09,-5.2489728836155114e-12,1.9068862037982894e-12,5.667146330267727e-07
 ,886,YOL055C,1.0000000000353264,1.0000000043475485,0.9999999864972179,1.0000000012243668
 ,887,YLR304C,1.0000000050019553,0.9999999994957477,1.0000000003197582,1.0000000014173194
 ,888,YFR053C,1.0000000050019553,0.9999999994957477,1.0000000003197582,1.0000000014172585
 ,889,YOR065W,0.762713430595051,0.762713419562309,-5.0,-5.0
 ,890,YDR001C,1.0000000056850933,0.9999999999812887,1.0000000000001632,1.0000000014172803
 ,891,YIL162W,1.0000000000353058,0.9999999999942282,0.9999999999999843,1.0000000014172725
 ,892,YDR294C,1.0000000000353058,0.9999999999942282,0.9999999999999843,1.0000000014172725
 ,893,YGL187C,0.7571803789935415,0.7571803803106604,-5.0,-5.0
 ,894,YBL011W,0.9999999933886081,0.9999999957384881,0.9999999999999999,1.0000000014173158
 ,895,YBR001C,0.9999999933886081,0.9999999957384881,0.9999999999999999,1.0000000014173158
 ,896,YER019W,1.000000001142436,0.9999999947140619,1.0000000000000184,1.0000000014173456
 ,897,YDR529C,0.7627134286569883,0.7627134270768278,-5.0,-5.0
 ,898,YER060W-A,1.0000000079551612,1.0000000000249427,1.0000000000000104,1.0000000019925763
 ,899,YOR317W,1.0000000079551612,1.0000000000249427,1.0000000000000104,1.0000000019925763
 ,900,YBR299W,1.0000000079551612,1.0000000000249427,1.0000000000000104,1.0000000019925763
 ,901,YJR066W,1.0000000079551612,1.0000000000249427,1.0000000000000104,1.0000000019925763
 ,902,YAL022C,1.0000000000353058,0.9999999987325401,1.0000000000000144,1.0000000014172836
 ,903,YLR328W,1.0000000000353058,0.9999999987325401,1.0000000000000144,1.0000000014172836
 ,904,YLR100W,0.0,0.0,0.0,0.0
 ,905,YIR028W,1.0000000000473495,0.9999999885334309,0.9999999999999856,1.0000000014172685
